{
  "accuracy": 0.9393939393939394,
  "precision": 0.9444444444444444,
  "recall": 0.9444444444444444,
  "f1": 0.9444444444444444,
  "roc_auc": 0.9648148148148148,
  "test_samples": 33
}